Date,Type,Message
17.12.2024 19:57,Invite,Miguel_Strozzi has been invited by Haytham_Caesar.
17.12.2024 01:22,Invite,Alberto_Jondetti has been invited by Edward_Floyd.
16.12.2024 19:45,Invite,Alberto_Jondetti has been invited by Samuel_Tattaglia.
16.12.2024 18:14,Invite,Dean_Catrin has been invited by Weezy_Hensley.
16.12.2024 14:38,Invite,Ver_Malka has been invited by Parker_Wells.
16.12.2024 12:49,Invite,David_Pagatti has been invited by Kelvin_Helfort.
15.12.2024 19:42,Invite,Jafar_Suleiman has been invited by Haytham_Caesar.
15.12.2024 17:03,Invite,Wade_Bayonetta has been invited by Edward_Floyd.
15.12.2024 16:29,Invite,Jeremy_Caldwell has been invited by Parker_Wells.
14.12.2024 19:25,Invite,Greely_Tieck has been invited by Reggie_Ruzzardi.
14.12.2024 11:16,Invite,Choupina_Mess has been invited by Parker_Wells.
13.12.2024 22:30,Invite,Nebraas_Suleiman has been invited by Reggie_Ruzzardi.
13.12.2024 22:30,Invite,Mike_Andro has been invited by Castoro_Ossola.
13.12.2024 01:02,Invite,Fiore_Gaetani has been invited by Ray_Strozzi.
12.12.2024 20:22,Invite,Wade_Bayonetta has been invited by Antonio_Calvarese.
11.12.2024 19:01,Invite,Marcello_Vici has been invited by Kelvin_Helfort.
11.12.2024 14:54,Invite,George_ViCario has been invited by Edward_Floyd.
10.12.2024 19:07,Invite,Cal_Blake has been invited by Antonio_Calvarese.
10.12.2024 00:52,Invite,Elena_Floyd has been invited by Edward_Floyd.
09.12.2024 23:35,Invite,Antonio_Capparelli has been invited by Antonio_Calvarese.
08.12.2024 14:45,Invite,Rubio_Esparza has been invited by Weezy_Hensley.
08.12.2024 11:30,Invite,Rade_Knezevic has been invited by Parker_Wells.
07.12.2024 15:44,Invite,Andrea_Gonzalez has been invited by Kelvin_Helfort.
06.12.2024 22:46,Invite,Chad_Skinner has been invited by Mason_Gilroy.
06.12.2024 19:11,Invite,Neil_Newton has been invited by William_Bradford.
06.12.2024 04:53,Invite,Kiry_Lauvien has been invited by Parker_Wells.
04.12.2024 12:05,Invite,Alexander_Rostova has been invited by Kelvin_Helfort.
03.12.2024 18:45,Invite,Qasim_Suleiman has been invited by Kelvin_Helfort.
03.12.2024 00:05,Invite,Alberto_Jondetti has been invited by Ray_Strozzi.
01.12.2024 17:55,Invite,Daichi_Vici has been invited by Ray_Strozzi.
30.11.2024 20:38,Invite,Parker_Musk has been invited by Elena_Floyd.
29.11.2024 17:39,Invite,Parker_Musk has been invited by Parker_Wells.
29.11.2024 10:31,Invite,Angelo_Conor has been invited by Parker_Wells.
29.11.2024 09:08,Invite,Aiam_Lombardi has been invited by Parker_Wells.
27.11.2024 20:14,Invite,Stevie_Prescott has been invited by Castoro_Ossola.
27.11.2024 12:16,Invite,Carl_Reznov has been invited by Kelvin_Helfort.
26.11.2024 19:55,Invite,Thomas_Burke has been invited by Thomas_Burke.
26.11.2024 18:26,Invite,Calvin_Barzini has been invited by Paulo_Ferreira.
26.11.2024 18:06,Invite,Carlos_Kraft has been invited by Weezy_Hensley.
26.11.2024 15:42,Invite,Bradley_Walker has been invited by Antonio_Calvarese.
26.11.2024 11:19,Invite,Anthony_Reagan has been invited by Paulo_Ferreira.
26.11.2024 11:11,Invite,Jason_Benedetti has been invited by Paulo_Ferreira.
25.11.2024 21:16,Invite,Cesar_VialPando has been invited by Reggie_Ruzzardi.
25.11.2024 20:49,Invite,Mamon_Vici has been invited by Castoro_Ossola.
25.11.2024 14:31,Invite,Yokio_Yamakuzi has been invited by Kelvin_Helfort.
24.11.2024 13:40,Invite,Flavio_Vittori has been invited by Francis_Whittaker.
24.11.2024 08:39,Invite,Bogart_Garcia has been invited by Parker_Wells.
23.11.2024 21:11,Invite,Cornelious_Hughes has been invited by Reggie_Ruzzardi.
23.11.2024 21:11,Invite,Xan_Wolz has been invited by Reggie_Ruzzardi.
23.11.2024 14:47,Invite,Voki_Vici has been invited by Kelvin_Helfort.
23.11.2024 14:27,Invite,Shone_Vici has been invited by Kelvin_Helfort.
23.11.2024 13:50,Invite,Borz_Vici has been invited by Reggie_Ruzzardi.
23.11.2024 13:21,Invite,Hara_Vici has been invited by William_Bradford.
23.11.2024 09:41,Invite,Vittore_Carlson has been invited by Antonio_Calvarese.
22.11.2024 19:27,Invite,Seff_DePalma has been invited by Reggie_Ruzzardi.
22.11.2024 19:07,Invite,Jopa_Vici has been invited by Paulo_Ferreira.
22.11.2024 11:03,Invite,Dave_Crawford has been invited by Dave_Crawford.
21.11.2024 20:34,Invite,Joe_Clover has been invited by Francis_Whittaker.
20.11.2024 22:46,Invite,Antoine_Vici has been invited by William_Bradford.
20.11.2024 20:45,Invite,Haris_Katz has been invited by Manuel_Varezzo.
20.11.2024 17:09,Invite,Vida_Vici has been invited by Manuel_Varezzo.
20.11.2024 16:24,Invite,Muai_Stracci has been invited by Parker_Wells.
20.11.2024 14:09,Invite,Marcus_Newton has been invited by Parker_Wells.
19.11.2024 21:37,Invite,Arduino_Bochicchio has been invited by Castoro_Ossola.
19.11.2024 18:59,Invite,Bobo_Sancho has been invited by Reggie_Ruzzardi.
18.11.2024 22:04,Invite,Desiree_Tarrega has been invited by Reggie_Ruzzardi.
18.11.2024 21:30,Invite,Rico_Vici has been invited by Reggie_Ruzzardi.
18.11.2024 20:55,Invite,Giulio_Graziano has been invited by William_Bradford.
18.11.2024 16:26,Invite,Ermetano_Vici has been invited by Castoro_Ossola.
18.11.2024 15:59,Invite,Rigil_Licata has been invited by Kelvin_Helfort.
17.11.2024 01:35,Invite,Larry_Santana has been invited by Antonio_Capparelli.
16.11.2024 23:45,Invite,Bennet_Barnardiston has been invited by Antonio_Calvarese.
16.11.2024 19:28,Invite,Giovanni_Tieck has been invited by Kelvin_Helfort.
16.11.2024 12:09,Invite,Oscar_Lauren has been invited by Kelvin_Helfort.
16.11.2024 11:09,Invite,Roturo_Enzo has been invited by Kelvin_Helfort.
15.11.2024 21:57,Invite,Vincenzo_Colosimo has been invited by Reggie_Ruzzardi.
14.11.2024 17:53,Invite,Dave_Crawford has been invited by Dave_Crawford.
13.11.2024 21:53,Invite,Pirey_Barrs has been invited by William_Bradford.
13.11.2024 20:24,Invite,Arthur_Shelby has been invited by Carter_Winslow.
13.11.2024 19:21,Invite,Haytham_Caesar has been invited by Carter_Winslow.
13.11.2024 19:21,Invite,Jhon_Badman has been invited by Carter_Winslow.
11.11.2024 15:47,Invite,Luigi_Guerra has been invited by Kelvin_Helfort.
11.11.2024 13:14,Invite,Maestro_Toscano has been invited by Kelvin_Helfort.
11.11.2024 12:24,Invite,William_Keno has been invited by Kelvin_Helfort.
10.11.2024 19:30,Invite,Ken_Necrozma has been invited by Kelvin_Helfort.
10.11.2024 19:27,Invite,Maksim_Malinovskyi has been invited by Kelvin_Helfort.
10.11.2024 19:27,Invite,Kreoxy_Schneider has been invited by Kelvin_Helfort.
10.11.2024 13:28,Invite,Zohan_Cozza has been invited by Kelvin_Helfort.
09.11.2024 16:34,Invite,Greely_Tieck has been invited by Kelvin_Helfort.
09.11.2024 16:07,Invite,Ercole_Turci has been invited by Carter_Winslow.
09.11.2024 13:33,Invite,Alex_Andrev has been invited by Carter_Winslow.
08.11.2024 23:31,Invite,Thomas_Burke has been invited by Thomas_Burke.
08.11.2024 10:46,Invite,Agatha_Calvio has been invited by Galvaro_Griffin.
07.11.2024 14:00,Invite,Sancho_Campa has been invited by Reggie_Ruzzardi.
07.11.2024 11:19,Invite,Richard_Carter has been invited by Parker_Wells.
07.11.2024 08:48,Invite,Leo_Evans has been invited by Parker_Wells.
07.11.2024 03:32,Invite,Ray_Strozzi has been invited by Parker_Wells.
06.11.2024 17:48,Invite,George_Winters has been invited by Parker_Wells.
04.11.2024 09:42,Invite,Yew_Salvatore has been invited by Parker_Wells.
04.11.2024 01:52,Invite,Kurt_Smoke has been invited by Noah_Wells.
03.11.2024 13:05,Invite,Rafael_Bucci has been invited by Kelvin_Helfort.
03.11.2024 11:43,Invite,Greely_Tieck has been invited by Kelvin_Helfort.
02.11.2024 21:02,Invite,Maksim_Malinovskyi has been invited by Edward_Floyd.
02.11.2024 20:59,Invite,Kreoxy_Schneider has been invited by Edward_Floyd.
02.11.2024 07:45,Invite,Nicholas_Grant has been invited by Wo_Et.
02.11.2024 07:44,Invite,Nicholas_Grant has been invited by Wo_Et.
02.11.2024 07:43,Invite,Wo_Et has been invited by Wo_Et.
02.11.2024 07:27,Invite,Wo_Et has been invited by Wo_Et.
02.11.2024 07:26,Invite,Wo_Et has been invited by Wo_Et.
31.10.2024 11:45,Invite,Marco_DeSanto has been invited by Noah_Wells.
31.10.2024 11:30,Invite,Tito_DeSanto has been invited by Parker_Wells.
30.10.2024 18:17,Invite,Azer_Kocovali has been invited by Jon_Griffin.
30.10.2024 17:50,Invite,Jack_Bojana has been invited by Parker_Wells.
30.10.2024 09:36,Invite,Maddy_Changco has been invited by Noah_Wells.
29.10.2024 23:17,Invite,William_Winters has been invited by Edward_Floyd.
27.10.2024 22:40,Invite,Raijin_Jiang has been invited by Elena_Floyd.
27.10.2024 18:17,Invite,Scott_Winters has been invited by Edward_Floyd.
27.10.2024 18:02,Invite,Ari_Ezequiel has been invited by Noah_Wells.
27.10.2024 13:57,Invite,Robert_Dayer has been invited by Parker_Wells.
26.10.2024 19:26,Invite,Khushal_Pareek has been invited by Kelvin_Helfort.
24.10.2024 14:17,Invite,Valar_Montalto has been invited by Valar_Montalto.
24.10.2024 01:48,Invite,Khushal_Pareek has been invited by Carter_Winslow.
24.10.2024 01:44,Invite,Marthin_Octstantine has been invited by Carter_Winslow.
24.10.2024 01:02,Invite,Harry_Winters has been invited by Carter_Winslow.
23.10.2024 11:33,Invite,James_Chrono has been invited by Aaron_Quinn.
21.10.2024 14:53,Invite,Francis_Whittaker has been invited by Edward_Floyd.
21.10.2024 10:41,Invite,Wo_Et has been invited by Wo_Et.
21.10.2024 00:51,Invite,Calvin_Benzer has been invited by Antonio_Calvarese.
20.10.2024 16:01,Invite,Wo_Et has been invited by Wo_Et.
20.10.2024 01:42,Invite,Larry_Salvatore has been invited by Edward_Floyd.
19.10.2024 13:08,Invite,Keno_Eix has been invited by Parker_Wells.
17.10.2024 23:38,Invite,Coco_Martinez has been invited by Paulo_Ferreira.
16.10.2024 15:25,Invite,Jackson_McKamey has been invited by Parker_Wells.
15.10.2024 16:34,Invite,Manuel_Varezzo has been invited by Parker_Wells.
14.10.2024 19:09,Invite,Castoro_Ossola has been invited by Kelvin_Helfort.
14.10.2024 14:12,Invite,Luigi_Simpson has been invited by Parker_Wells.
14.10.2024 08:42,Invite,Berto_Locatello has been invited by Parker_Wells.
13.10.2024 10:44,Invite,Danny_Payne has been invited by Reggie_Ruzzardi.
13.10.2024 02:35,Invite,Nick_Walters has been invited by Reggie_Ruzzardi.
13.10.2024 02:05,Invite,Pedro_Barletta has been invited by Reggie_Ruzzardi.
12.10.2024 18:35,Invite,Vincent_Coke has been invited by Reggie_Ruzzardi.
12.10.2024 16:04,Invite,Karanji_Zed has been invited by Vito_Bucci.
12.10.2024 13:35,Invite,Andrea_Gonzalez has been invited by Vito_Bucci.
12.10.2024 09:53,Invite,Aaron_Salvatore has been invited by Vito_Bucci.
11.10.2024 18:42,Invite,William_Bradford has been invited by Vito_Bucci.
10.10.2024 21:18,Invite,Niko_Tya has been invited by Paulo_Ferreira.
10.10.2024 19:00,Invite,Mario_Perazzo has been invited by Abe_Helfort.
10.10.2024 18:07,Invite,Calvin_Dinero has been invited by Abe_Helfort.
10.10.2024 18:03,Invite,Carlito_Victoriano has been invited by Abe_Helfort.
10.10.2024 17:30,Invite,Luffa_Victoriano has been invited by Abe_Helfort.
08.10.2024 17:23,Invite,Antonio_Capparelli has been invited by Paulo_Ferreira.
07.10.2024 14:59,Invite,Campos_Ortiz has been invited by Galvaro_Griffin.
06.10.2024 15:27,Invite,Samuel_Ferrari has been invited by Edward_Floyd.
05.10.2024 08:34,Invite,Katsumi_Daitaro has been invited by Julius_Abelardo.
03.10.2024 13:59,Invite,Beko_Gunner has been invited by Mario_Palermo.
02.10.2024 20:24,Invite,Nate_Barzini has been invited by Reggie_Ruzzardi.
01.10.2024 09:22,Invite,Jaz_Giacchetti has been invited by Grimaldo_Balbino.
30.09.2024 18:45,Invite,Thomas_Burke has been invited by Thomas_Burke.
28.09.2024 20:18,Invite,Leo_Lippi has been invited by Paulo_Ferreira.
28.09.2024 18:30,Invite,Fidel_Bucci has been invited by Parker_Scofield.
28.09.2024 17:00,Invite,Raouf_Hamrani has been invited by Parker_Scofield.
28.09.2024 16:52,Invite,Kobe_Ruzzardi has been invited by Fletcher_Joyce.
27.09.2024 23:08,Invite,Zlaja_Giaccheti has been invited by William_Hadley.
27.09.2024 11:55,Invite,Chak_Mamba has been invited by Fletcher_Joyce.
26.09.2024 14:55,Invite,Dave_Barletta has been invited by Galvaro_Griffin.
24.09.2024 18:37,Invite,Octavius_Asha has been invited by Fletcher_Joyce.
24.09.2024 14:49,Invite,Matteo_Bucci has been invited by Edward_Floyd.
22.09.2024 12:56,Invite,James_Coleman has been invited by James_Coleman.
21.09.2024 22:45,Invite,Faruki_Verderaz has been invited by Reggie_Ruzzardi.
21.09.2024 19:29,Invite,Peli_Norton has been invited by Louis_Hadley.
21.09.2024 18:31,Invite,Benedict_Jefferson has been invited by Parker_Scofield.
21.09.2024 11:27,Invite,Diavolo_Shekelton has been invited by Reggie_Ruzzardi.
20.09.2024 23:14,Invite,Revaz_Ruzzardi has been invited by Reggie_Ruzzardi.
20.09.2024 12:50,Invite,Haider_LeRat has been invited by Aaron_Quinn.
20.09.2024 08:50,Invite,Jose_Sangco has been invited by Parker_Scofield.
20.09.2024 08:11,Invite,Danny_Payne has been invited by Fletcher_Joyce.
20.09.2024 07:52,Invite,Raven_Napoli has been invited by Parker_Scofield.
19.09.2024 18:43,Invite,Matt_Fernandez has been invited by Grimaldo_Balbino.
18.09.2024 14:56,Invite,Trevor_Sasaki has been invited by Louis_Hadley.
18.09.2024 12:21,Invite,Kelly_Burke has been invited by Fletcher_Joyce.
18.09.2024 12:09,Invite,Wazz_Wozi has been invited by Parker_Scofield.
18.09.2024 11:31,Invite,Devin_Piro has been invited by Fletcher_Joyce.
18.09.2024 04:46,Invite,Lily_Massalsky has been invited by Mario_Palermo.
18.09.2024 01:44,Invite,Ray_Diesel has been invited by Julius_Abelardo.
16.09.2024 23:45,Invite,Bahri_Senturk has been invited by Edward_Floyd.
16.09.2024 23:39,Invite,Kristen_Njaz has been invited by Edward_Floyd.
16.09.2024 20:17,Invite,Miguel_Strozzi has been invited by Fletcher_Joyce.
16.09.2024 19:59,Invite,Carlito_Barrasso has been invited by Fletcher_Joyce.
16.09.2024 19:59,Invite,Ray_Baratti has been invited by Fletcher_Joyce.
16.09.2024 15:42,Invite,Annie_Gein has been invited by Parker_Scofield.
16.09.2024 11:22,Invite,Martin_Califano has been invited by Louis_Hadley.
16.09.2024 09:43,Invite,Jose_Sangco has been invited by Fletcher_Joyce.
16.09.2024 01:24,Invite,Lian_Perez has been invited by Julius_Abelardo.
15.09.2024 12:17,Invite,Luciano_Calvio has been invited by Galvaro_Griffin.
14.09.2024 21:49,Invite,Marko_Ruzzardi has been invited by Fletcher_Joyce.
14.09.2024 21:07,Invite,Kevin_Hilton has been invited by Julius_Abelardo.
14.09.2024 19:35,Invite,Abdulwahab_Falcone has been invited by Fletcher_Joyce.
14.09.2024 19:20,Invite,Giovanni_VacCaro has been invited by Aaron_Quinn.
14.09.2024 18:56,Invite,Giovanni_VacCaro has been invited by Fletcher_Joyce.
14.09.2024 18:46,Invite,Martin_Califano has been invited by Melm_Pearce.
14.09.2024 18:46,Invite,Bernadette_Vadboncoeur has been invited by Parker_Scofield.
14.09.2024 00:12,Invite,Ray_Floyd has been invited by Fletcher_Joyce.
13.09.2024 16:12,Invite,Leo_Kush has been invited by Fletcher_Joyce.
13.09.2024 15:17,Invite,Sagheer_Baraa has been invited by Fletcher_Joyce.
13.09.2024 14:01,Invite,Sylvester_Hirst has been invited by Fletcher_Joyce.
12.09.2024 15:46,Invite,Antonio_Calvarese has been invited by Fletcher_Joyce.
11.09.2024 19:59,Invite,Carlito_Barrasso has been invited by Galvaro_Griffin.
11.09.2024 14:26,Invite,Martin_Califano has been invited by Fletcher_Joyce.
11.09.2024 04:30,Invite,Ray_Baratti has been invited by Mario_Palermo.
10.09.2024 20:35,Invite,Bradley_Walker has been invited by Julius_Abelardo.
10.09.2024 20:29,Invite,Sofia_Giovanni has been invited by Fletcher_Joyce.
10.09.2024 20:01,Invite,Elissa_Cadwell has been invited by Fletcher_Joyce.
09.09.2024 13:16,Invite,Salvatore_Winchester has been invited by Fletcher_Joyce.
08.09.2024 19:17,Invite,Sherry_Arrain has been invited by Fletcher_Joyce.
08.09.2024 18:31,Invite,Robert_Wallace has been invited by Murad_Scofield.
08.09.2024 14:14,Invite,Oscar_Acosta has been invited by Reggie_Ruzzardi.
08.09.2024 12:32,Invite,Lucius_Tovell has been invited by Parker_Scofield.
08.09.2024 11:55,Invite,Drizzy_Licati has been invited by Julius_Abelardo.
08.09.2024 08:02,Invite,Boday_Concho has been invited by Mario_Palermo.
07.09.2024 15:55,Invite,Larry_Santana has been invited by Galvaro_Griffin.
07.09.2024 15:17,Invite,Yoke_Zakkeh has been invited by Galvaro_Griffin.
07.09.2024 10:51,Invite,Lorenzo_Taco has been invited by Fletcher_Joyce.
06.09.2024 22:27,Invite,Scott_Collins has been invited by Sergie_Severov.
06.09.2024 11:47,Invite,Paulo_Ferreira has been invited by Fletcher_Joyce.
06.09.2024 10:22,Invite,Lorenzo_Taco has been invited by Julius_Abelardo.
06.09.2024 09:10,Invite,Eric_Winters has been invited by Fletcher_Joyce.
06.09.2024 09:07,Invite,Stu_Sacco has been invited by Parker_Scofield.
06.09.2024 08:53,Invite,Duke_Metternich has been invited by Fletcher_Joyce.
05.09.2024 13:48,Invite,Rodriguez_Kenzo has been invited by Fletcher_Joyce.
04.09.2024 18:11,Invite,Marko_Ruzzardi has been invited by Reggie_Ruzzardi.
04.09.2024 13:31,Invite,Wo_Et has been invited by Fletcher_Joyce.
04.09.2024 09:22,Invite,Harvey_Piro has been invited by Fletcher_Joyce.
03.09.2024 17:56,Invite,Rehman_Phatan has been invited by Louis_Hadley.
03.09.2024 15:04,Invite,Luigi_Rick has been invited by Amin_Moradi.
03.09.2024 14:33,Invite,Victor_Medina has been invited by Fletcher_Joyce.
03.09.2024 11:56,Invite,Alejandro_Cruz has been invited by Fletcher_Joyce.
03.09.2024 07:22,Invite,Mario_Palermo has been invited by Sergie_Severov.
03.09.2024 06:56,Invite,Octavius_Asha has been invited by Fletcher_Joyce.
03.09.2024 06:23,Invite,Gabriel_Villa has been invited by Fletcher_Joyce.
03.09.2024 04:14,Invite,Mikey_Coppola has been invited by Sergie_Severov.
02.09.2024 17:17,Invite,Takai_Kazuki has been invited by Fletcher_Joyce.
02.09.2024 13:11,Invite,Ralph_Valenti has been invited by Parker_Scofield.
02.09.2024 12:28,Invite,Eirky_Dunk has been invited by Fletcher_Joyce.
02.09.2024 10:38,Invite,Andrea_Gonzalez has been invited by Fletcher_Joyce.
02.09.2024 09:12,Invite,Muke_Detternich has been invited by Fletcher_Joyce.
02.09.2024 09:11,Invite,Matthew_Scofield has been invited by Fletcher_Joyce.
02.09.2024 03:21,Invite,Hold_Prince has been invited by Fletcher_Joyce.
01.09.2024 21:55,Invite,Gregorio_Murtas has been invited by Louis_Hadley.
01.09.2024 20:12,Invite,Boka_Choda has been invited by Edward_Floyd.
01.09.2024 18:57,Invite,Von_Massalsky has been invited by Louis_Hadley.
01.09.2024 18:25,Invite,Jose_Sangco has been invited by Louis_Hadley.
01.09.2024 18:22,Invite,Angeline_Chua has been invited by Sergie_Severov.
01.09.2024 12:00,Invite,Stephen_Voorhees has been invited by Reggie_Ruzzardi.
01.09.2024 09:03,Invite,Max_Winters has been invited by Fletcher_Joyce.
31.08.2024 09:38,Invite,James_McMiller has been invited by Fletcher_Joyce.
30.08.2024 11:13,Invite,Matt_Castellucci has been invited by Louis_Hadley.
29.08.2024 17:50,Invite,Athena_Reznov has been invited by Mattanchery_Marty.
29.08.2024 12:04,Invite,Muke_Detternich has been invited by Javez_Kemerovo.
29.08.2024 10:16,Invite,Chak_Mamba has been invited by Julius_Abelardo.
29.08.2024 10:15,Invite,Jenn_Dickson has been invited by Julius_Abelardo.
28.08.2024 16:51,Invite,Thomas_Burke has been invited by Thomas_Burke.
28.08.2024 13:31,Invite,Bert_Burke has been invited by Parker_McLaren.
28.08.2024 06:05,Invite,Jack_Peshki has been invited by Fletcher_Joyce.
27.08.2024 19:17,Invite,Boka_Choda has been invited by Louis_Hadley.
27.08.2024 16:40,Invite,Accetta_Costa has been invited by Fletcher_Joyce.
27.08.2024 16:20,Invite,Mario_Antonello has been invited by Sergie_Severov.
26.08.2024 22:12,Invite,Thomas_Burke has been invited by Thomas_Burke.
26.08.2024 20:58,Invite,Ali_Stone has been invited by Sergie_Severov.
26.08.2024 19:44,Invite,Kobe_Ruzzardi has been invited by Fletcher_Joyce.
26.08.2024 17:51,Invite,Dave_Crawford has been invited by Dave_Crawford.
26.08.2024 16:45,Invite,Duke_Metternich has been invited by Mattanchery_Marty.
26.08.2024 16:02,Invite,Zhen_Wang has been invited by Fletcher_Joyce.
26.08.2024 14:12,Invite,Duke_Metternich has been invited by Parker_McLaren.
26.08.2024 07:50,Invite,Diwata_Pawers has been invited by Fletcher_Joyce.
26.08.2024 07:31,Invite,Photios_Lambrou has been invited by Fletcher_Joyce.
25.08.2024 22:49,Invite,Boka_Choda has been invited by Julius_Abelardo.
25.08.2024 16:56,Invite,William_Giacchetti has been invited by Fletcher_Joyce.
25.08.2024 16:15,Invite,Mori_Wyatt has been invited by Fletcher_Joyce.
25.08.2024 16:14,Invite,Davian_Flocka has been invited by Sergie_Severov.
25.08.2024 08:18,Invite,Larry_Salvatore has been invited by Fletcher_Joyce.
25.08.2024 00:03,Invite,Joseph_Kraft has been invited by Fletcher_Joyce.
24.08.2024 23:49,Invite,Nathan_Kraft has been invited by Fletcher_Joyce.
24.08.2024 20:58,Invite,Shuab_Khan has been invited by Fletcher_Joyce.
24.08.2024 20:48,Invite,Nico_Falcone has been invited by Fletcher_Joyce.
24.08.2024 20:19,Invite,Osvaldo_Maranzano has been invited by Galvaro_Griffin.
24.08.2024 19:24,Invite,Harry_Wosi has been invited by Ramsey_Hampton.
24.08.2024 19:12,Invite,Ray_Quinton has been invited by Fletcher_Joyce.
24.08.2024 01:33,Invite,Anthony_Agaro has been invited by Fletcher_Joyce.
24.08.2024 01:33,Invite,Daus_Winters has been invited by Fletcher_Joyce.
23.08.2024 21:11,Invite,Alejandro_Cruz has been invited by Fletcher_Joyce.
23.08.2024 19:21,Invite,Taran_Warrior has been invited by Fletcher_Joyce.
23.08.2024 18:29,Invite,Danny_Daugherty has been invited by Parker_McLaren.
23.08.2024 13:01,Invite,Ricks_Grant has been invited by Fletcher_Joyce.
23.08.2024 12:18,Invite,Anthony_Batts has been invited by Fletcher_Joyce.
23.08.2024 11:52,Invite,Suteru_Tanezaki has been invited by Fletcher_Joyce.
23.08.2024 01:17,Invite,Jace_Kraft has been invited by Fletcher_Joyce.
23.08.2024 00:43,Invite,Leon_Kraft has been invited by Fletcher_Joyce.
23.08.2024 00:43,Invite,Brayden_Edgerton has been invited by Fletcher_Joyce.
23.08.2024 00:31,Invite,Lexus_Kraft has been invited by Fletcher_Joyce.
23.08.2024 00:08,Invite,Joseph_Kraft has been invited by Fletcher_Joyce.
23.08.2024 00:08,Invite,Nathan_Kraft has been invited by Fletcher_Joyce.
22.08.2024 22:52,Invite,Denis_Barzini has been invited by Fletcher_Joyce.
22.08.2024 22:08,Invite,Alexi_Giancana has been invited by Fletcher_Joyce.
22.08.2024 22:07,Invite,Gaston_Kraft has been invited by Melm_Pearce.
22.08.2024 22:06,Invite,Renato_Kraft has been invited by Lucas_Floyd.
22.08.2024 22:06,Invite,Jun_Kraft has been invited by Fletcher_Joyce.
22.08.2024 22:05,Invite,Rio_Kraft has been invited by Fletcher_Joyce.
22.08.2024 22:04,Invite,Eduardo_Kraft has been invited by Fletcher_Joyce.
22.08.2024 22:04,Invite,Theo_Kraft has been invited by Fletcher_Joyce.
22.08.2024 22:04,Invite,Mason_Kraft has been invited by Fletcher_Joyce.
22.08.2024 22:04,Invite,Evan_Kraft has been invited by Fletcher_Joyce.
22.08.2024 22:04,Invite,Zoro_Kraft has been invited by Fletcher_Joyce.
22.08.2024 22:04,Invite,Daniel_Kraft has been invited by Fletcher_Joyce.
22.08.2024 00:13,Invite,Tyrone_Jennings has been invited by Sergie_Severov.
21.08.2024 20:20,Invite,Donald_Finnegan has been invited by Fletcher_Joyce.
21.08.2024 19:23,Invite,Martin_Califano has been invited by Fletcher_Joyce.
21.08.2024 02:15,Invite,Charles_Dalapego has been invited by Fletcher_Joyce.
20.08.2024 18:21,Invite,Martin_Califano has been invited by Fletcher_Joyce.
20.08.2024 18:07,Invite,Alfajer_Mazanov has been invited by Vito_Bucci.
20.08.2024 16:47,Invite,Massimo_Bonacci has been invited by Fletcher_Joyce.
20.08.2024 14:30,Invite,Alfio_Vitagliano has been invited by Parker_McLaren.
19.08.2024 17:29,Invite,Singh_Hawkins has been invited by Fletcher_Joyce.
19.08.2024 13:31,Invite,Amen_Anderson has been invited by Parker_McLaren.
19.08.2024 13:22,Invite,Hold_Prince has been invited by Fletcher_Joyce.
19.08.2024 12:48,Invite,Ray_Quinton has been invited by Fletcher_Joyce.
18.08.2024 17:32,Invite,Kay_Soprano has been invited by Fletcher_Joyce.
18.08.2024 15:11,Invite,Pablo_McLaren has been invited by Parker_McLaren.
17.08.2024 21:04,Invite,Alexender_Anderson has been invited by Kobe_Verderaz.
17.08.2024 18:58,Invite,Ivo_Licata has been invited by Kobe_Verderaz.
17.08.2024 16:37,Invite,Luca_Mandez has been invited by Vito_Bucci.
17.08.2024 12:37,Invite,Mori_Wyatt has been invited by Sergie_Severov.
17.08.2024 12:35,Invite,Andrea_Gonzalez has been invited by Fletcher_Joyce.
17.08.2024 10:28,Invite,Adrian_Marcelino has been invited by Fletcher_Joyce.
17.08.2024 02:48,Invite,Xhon_Williams has been invited by Javez_Kemerovo.
16.08.2024 21:02,Invite,Mike_Floss has been invited by Fletcher_Joyce.
16.08.2024 21:01,Invite,Viko_Luciano has been invited by Fletcher_Joyce.
16.08.2024 20:25,Invite,Harvey_Floss has been invited by Fletcher_Joyce.
16.08.2024 20:04,Invite,Raden_Mitchell has been invited by Fletcher_Joyce.
16.08.2024 18:12,Invite,Alfajer_Mazanov has been invited by Fletcher_Joyce.
16.08.2024 16:04,Invite,Luca_Mandez has been invited by Sergie_Severov.
16.08.2024 13:42,Invite,Jacob_Blackmore has been invited by Fletcher_Joyce.
16.08.2024 11:12,Invite,Hadi_Bazzi has been invited by Vito_Bucci.
15.08.2024 16:38,Invite,Trent_Mazanov has been invited by Fletcher_Joyce.
13.08.2024 20:31,Invite,Yuzi_Piro has been invited by Kobe_Verderaz.
12.08.2024 17:49,Invite,Mike_Argiro has been invited by Fletcher_Joyce.
11.08.2024 20:29,Invite,Harvey_Floss has been invited by Melm_Pearce.
11.08.2024 19:08,Invite,Wilson_Anderson has been invited by Fletcher_Joyce.
11.08.2024 18:51,Invite,Leo_Kush has been invited by Fletcher_Joyce.
11.08.2024 14:53,Invite,Nawaz_Phatan has been invited by Fletcher_Joyce.
11.08.2024 14:15,Invite,Nico_Wulf has been invited by Vito_Bucci.
10.08.2024 17:30,Invite,Noah_Whittaker has been invited by Fletcher_Joyce.
10.08.2024 14:44,Invite,Angelo_Cresci has been invited by Fletcher_Joyce.
09.08.2024 23:20,Invite,Vince_Ross has been invited by Sergie_Severov.
09.08.2024 22:59,Invite,Jason_McKamey has been invited by Julius_Abelardo.
09.08.2024 18:57,Invite,Osvaldo_Maranzano has been invited by Amber_Whittaker.
09.08.2024 15:59,Invite,Bob_Hernandez has been invited by Fletcher_Joyce.
09.08.2024 13:54,Invite,Atticus_Alinsky has been invited by Fletcher_Joyce.
06.08.2024 18:27,Invite,Ruslan_Massalsky has been invited by Parker_McLaren.
05.08.2024 22:32,Invite,Ach_Schweinsteiger has been invited by Kobe_Verderaz.
05.08.2024 17:34,Invite,Nicholai_Antonovich has been invited by Mandeliene_Vikovic.
04.08.2024 18:57,Invite,Chris_Toro has been invited by Fletcher_Joyce.
04.08.2024 17:58,Invite,Vincent_Decker has been invited by Kobe_Verderaz.
04.08.2024 16:56,Invite,Qamil_Smith has been invited by Fletcher_Joyce.
04.08.2024 15:43,Invite,Nathan_Kraft has been invited by Fletcher_Joyce.
04.08.2024 15:30,Invite,Scarlett_Drechsler has been invited by Fletcher_Joyce.
04.08.2024 02:16,Invite,Leon_Kraft has been invited by Fletcher_Joyce.
03.08.2024 18:28,Invite,Justin_Montana has been invited by Fletcher_Joyce.
03.08.2024 18:20,Invite,Raymond_Odom has been invited by Vito_Bucci.
03.08.2024 14:05,Invite,Khalid_Burke has been invited by Amber_Whittaker.
02.08.2024 19:24,Invite,Adrian_Chase has been invited by Amber_Whittaker.
02.08.2024 13:53,Invite,Vito_Bucci has been invited by Fletcher_Joyce.
01.08.2024 21:36,Invite,Noah_Collymore has been invited by Sergie_Severov.
01.08.2024 16:04,Invite,Derick_Thomson has been invited by Sergie_Severov.
31.07.2024 19:37,Invite,Ray_Floyd has been invited by Fletcher_Joyce.
31.07.2024 17:49,Invite,Masaccio_Bakkioui has been invited by Kobe_Verderaz.
31.07.2024 14:59,Invite,Elvi_Fernandez has been invited by Braum_McLaren.
31.07.2024 14:44,Invite,Hiroshi_Nakamura has been invited by Fletcher_Joyce.
31.07.2024 12:28,Invite,Atticus_Alinsky has been invited by Fletcher_Joyce.
31.07.2024 12:06,Invite,Sherry_Arrain has been invited by Fletcher_Joyce.
30.07.2024 16:41,Invite,Avon_Russo has been invited by Sergie_Severov.
30.07.2024 15:45,Invite,Patrick_Lawrance has been invited by Fletcher_Joyce.
29.07.2024 23:19,Invite,Dave_Crawford has been invited by Dave_Crawford.
29.07.2024 19:07,Invite,Sherry_Arrain has been invited by Braum_McLaren.
29.07.2024 15:11,Invite,Nicholas_Angelopoulos has been invited by Fletcher_Joyce.
29.07.2024 14:57,Invite,Nathanael_Knightley has been invited by Fletcher_Joyce.
29.07.2024 14:05,Invite,Freddy_Bangz has been invited by Fletcher_Joyce.
29.07.2024 12:25,Invite,Tito_Verderaz has been invited by Ray_Floyd.
29.07.2024 12:19,Invite,Flow_Verderaz has been invited by Duke_Metternich.
28.07.2024 09:12,Invite,Singh_Hawkins has been invited by Fletcher_Joyce.
27.07.2024 23:34,Invite,Sarah_Moore has been invited by Fletcher_Joyce.
27.07.2024 21:28,Invite,Josh_Barnett has been invited by Amber_Whittaker.
27.07.2024 20:42,Invite,Dave_Crawford has been invited by Dave_Crawford.
27.07.2024 20:29,Invite,Jannis_Kramer has been invited by Amber_Whittaker.
27.07.2024 14:55,Invite,Chizo_Lexus has been invited by Fletcher_Joyce.
27.07.2024 14:34,Invite,Gabriel_Reznov has been invited by Fletcher_Joyce.
27.07.2024 13:43,Invite,Louis_Hadley has been invited by Fletcher_Joyce.
27.07.2024 13:25,Invite,Nawaz_Phatan has been invited by Vito_Bucci.
27.07.2024 11:31,Invite,Alessandro_Armone has been invited by Fletcher_Joyce.
27.07.2024 10:25,Invite,Jacob_Blackmore has been invited by Fletcher_Joyce.
27.07.2024 10:22,Invite,Bob_Hernandez has been invited by Fletcher_Joyce.
25.07.2024 15:13,Invite,Bob_Hernandez has been invited by Fletcher_Joyce.
25.07.2024 13:30,Invite,Kevin_Capello has been invited by Fletcher_Joyce.
23.07.2024 18:37,Invite,Abraham_Butler has been invited by Sergie_Severov.
23.07.2024 13:46,Invite,Amen_Anderson has been invited by Parker_McLaren.
22.07.2024 21:29,Invite,Fabrizio_Anderson has been invited by Fletcher_Joyce.
22.07.2024 20:25,Invite,Arduino_Bochicchio has been invited by Selen_Raine.
21.07.2024 20:21,Invite,Javez_Kemerovo has been invited by Carlos_Daabas.
21.07.2024 14:31,Invite,Harry_Wosi has been invited by Reggie_Ruzzardi.
21.07.2024 11:42,Invite,Neil_Glover has been invited by Grimaldo_Balbino.
20.07.2024 19:20,Invite,Nicholai_Severov has been invited by Fletcher_Joyce.
20.07.2024 19:19,Invite,Sergie_Severov has been invited by Fletcher_Joyce.
20.07.2024 15:13,Invite,Wilson_Anderson has been invited by Duke_Metternich.
20.07.2024 13:51,Invite,Levi_Anderson has been invited by Vito_Bucci.
19.07.2024 19:11,Invite,Viko_Luciano has been invited by Kobe_Verderaz.
19.07.2024 11:30,Invite,Bomay_Baloteli has been invited by Reggie_Ruzzardi.
18.07.2024 17:07,Invite,Clippaax_Anderson has been invited by Fletcher_Joyce.
18.07.2024 17:03,Invite,Amen_Anderson has been invited by Parker_McLaren.
17.07.2024 21:38,Invite,Miyamote_Musashi has been invited by Braum_McLaren.
17.07.2024 20:46,Invite,Jamess_Anderson has been invited by Braum_McLaren.
17.07.2024 14:13,Invite,Kobe_Ruzzardi has been invited by Kobe_Verderaz.
15.07.2024 23:39,Invite,Julius_Abelardo has been invited by Reggie_Ruzzardi.
15.07.2024 14:59,Invite,Zhonghua_Chongan has been invited by Selen_Raine.
15.07.2024 12:39,Invite,Raymond_Odom has been invited by Jacob_Winton.
14.07.2024 21:13,Invite,Andrea_Gonzalez has been invited by Fletcher_Joyce.
13.07.2024 20:12,Invite,Zhonghua_Chongan has been invited by Fletcher_Joyce.
13.07.2024 19:55,Invite,Alex_LaWoods has been invited by Sergie_Severov.
13.07.2024 16:43,Invite,Carlos_Daabas has been invited by Fletcher_Joyce.
13.07.2024 10:56,Invite,Amber_Whittaker has been invited by Fletcher_Joyce.
13.07.2024 01:52,Invite,John_Rambo has been invited by William_Bradford.
12.07.2024 12:30,Invite,Vladimir_Hawk has been invited by Jacob_Winton.
11.07.2024 19:57,Invite,Yasmina_Levakovic has been invited by Carlos_Daabas.
11.07.2024 17:34,Invite,Arven_Calvio has been invited by Carlos_Daabas.
11.07.2024 17:34,Invite,Raven_Calvio has been invited by Carlos_Daabas.
10.07.2024 22:52,Invite,Dima_Latvi has been invited by Carlos_Daabas.
10.07.2024 22:52,Invite,Vlad_Latvi has been invited by Carlos_Daabas.
10.07.2024 21:56,Invite,Mason_Toscano has been invited by Carlos_Daabas.
09.07.2024 00:10,Invite,Jacob_Blackmore has been invited by Fletcher_Joyce.
08.07.2024 17:44,Invite,Nyu_Wulf has been invited by Kobe_Verderaz.
08.07.2024 16:16,Invite,Larry_Salvatore has been invited by Mandeliene_Vikovic.
07.07.2024 20:58,Invite,Melm_Santana has been invited by Reggie_Ruzzardi.
07.07.2024 19:17,Invite,Wolf_Erich has been invited by Reggie_Ruzzardi.
06.07.2024 18:01,Invite,Fidel_Bucci has been invited by Sergie_Severov.
05.07.2024 21:32,Invite,Vincent_Decker has been invited by Fletcher_Joyce.
05.07.2024 13:16,Invite,Rafael_Bucci has been invited by Selen_Raine.
04.07.2024 11:03,Invite,Nico_Falcone has been invited by Fletcher_Joyce.
03.07.2024 21:38,Invite,Pappie_Jumanji has been invited by Fletcher_Joyce.
03.07.2024 21:29,Invite,Apollo_Jumanji has been invited by Fletcher_Joyce.
03.07.2024 21:23,Invite,Kobby_Hudson has been invited by Fletcher_Joyce.
03.07.2024 17:18,Invite,Javez_Kemerovo has been invited by Fletcher_Joyce.
02.07.2024 20:01,Invite,Bert_Burke has been invited by Fletcher_Joyce.
02.07.2024 18:48,Invite,Panfilo_Guerta has been invited by Duke_Metternich.
02.07.2024 16:27,Invite,Mahmoud_Corzetti has been invited by Fletcher_Joyce.
02.07.2024 14:13,Invite,Jack_Belfort has been invited by Fletcher_Joyce.
02.07.2024 13:24,Invite,David_Pagatti has been invited by Fletcher_Joyce.
02.07.2024 11:26,Invite,Fredo_Gunner has been invited by Fletcher_Joyce.
02.07.2024 02:09,Invite,Christian_Williams has been invited by Fletcher_Joyce.
02.07.2024 00:18,Invite,Thomas_Burke has been invited by Thomas_Burke.
01.07.2024 23:15,Invite,Arduino_Bochicchio has been invited by Fletcher_Joyce.
01.07.2024 22:18,Invite,Nicholas_Angelopoulos has been invited by Fletcher_Joyce.
01.07.2024 21:32,Invite,Xhon_Williams has been invited by Fletcher_Joyce.
01.07.2024 19:14,Invite,Stu_Sacco has been invited by Duke_Metternich.
30.06.2024 22:01,Invite,Javi_Verderaz has been invited by Kingstone_Mamba.
30.06.2024 18:13,Invite,Anthony_Graham has been invited by Appy_Flitz.
30.06.2024 18:09,Invite,Ellisa_Blackwood has been invited by Fletcher_Joyce.
30.06.2024 16:15,Invite,Florencio_Santiago has been invited by Fletcher_Joyce.
30.06.2024 12:53,Invite,Mapko_Manija has been invited by Arturo_Winters.
30.06.2024 10:51,Invite,Scorey_Snow has been invited by Reggie_Ruzzardi.
29.06.2024 17:21,Invite,Anthony_Graham has been invited by Nicholai_Severov.
29.06.2024 15:05,Invite,Michael_Hueston has been invited by Fletcher_Joyce.
29.06.2024 14:42,Invite,Toshi_Yazhu has been invited by Fletcher_Joyce.
29.06.2024 14:19,Invite,Anthony_Graham has been invited by Fletcher_Joyce.
29.06.2024 12:17,Invite,Tito_Verderaz has been invited by Fletcher_Joyce.
29.06.2024 12:13,Invite,Ron_Tattaglia has been invited by Fletcher_Joyce.
29.06.2024 12:12,Invite,Francis_Calvio has been invited by Fletcher_Joyce.
28.06.2024 22:40,Invite,Mason_Gilroy has been invited by Fletcher_Joyce.
28.06.2024 09:43,Invite,Mira_Tzah has been invited by Fletcher_Joyce.
28.06.2024 09:29,Invite,Jonny_Salvatore has been invited by Duke_Metternich.
28.06.2024 08:55,Invite,Denis_Tsyplyankov has been invited by Duke_Metternich.
27.06.2024 09:46,Invite,Jonny_Salvatore has been invited by Fletcher_Joyce.
26.06.2024 01:37,Invite,Kelly_Levine has been invited by Fletcher_Joyce.
25.06.2024 17:47,Invite,Sand_Gunner has been invited by Erich_Wolff.
25.06.2024 15:56,Invite,Alvino_Watherston has been invited by Fletcher_Joyce.
25.06.2024 01:48,Invite,Bruno_Avara has been invited by Sergie_Severov.
25.06.2024 01:44,Invite,Davies_Solace has been invited by Sergie_Severov.
24.06.2024 21:09,Invite,Hassan_Prux has been invited by Sergie_Severov.
23.06.2024 20:13,Invite,Ethan_Phoenix has been invited by Sergie_Severov.
22.06.2024 19:16,Invite,Cleon_Cartier has been invited by Fletcher_Joyce.
22.06.2024 19:14,Invite,Aaron_Quinn has been invited by Fletcher_Joyce.
22.06.2024 17:24,Invite,Matt_Lucas has been invited by Jo_Jungski.
22.06.2024 17:21,Invite,Tito_Verderaz has been invited by Jo_Jungski.
21.06.2024 18:30,Invite,Jason_Winters has been invited by Antonio_Bucci.
21.06.2024 16:24,Invite,Jaden_Snow has been invited by Fletcher_Joyce.
21.06.2024 15:35,Invite,Cleon_Cartier has been invited by Fletcher_Joyce.
20.06.2024 22:34,Invite,Tony_Marlowe has been invited by Fletcher_Joyce.
20.06.2024 20:10,Invite,Mark_Zepto has been invited by Fletcher_Joyce.
20.06.2024 19:14,Invite,Daus_Winters has been invited by Alessandro_DeSanto.
20.06.2024 12:21,Invite,Amir_Succo has been invited by Parker_Royce.
20.06.2024 00:17,Invite,Carmine_Barsetto has been invited by Grimaldo_Balbino.
19.06.2024 20:30,Invite,Vladimir_Goncharov has been invited by Fletcher_Joyce.
19.06.2024 19:27,Invite,Dave_Crawford has been invited by Dave_Crawford.
17.12.2024 12:37,Uninvite,Vittore_Carlson has been uninvited by Kelvin_Helfort.
17.12.2024 01:21,Uninvite,Alberto_Jondetti has been uninvited by Antonio_Capparelli.
16.12.2024 19:45,Uninvite,Alberto_Jondetti has been uninvited by Samuel_Tattaglia.
16.12.2024 12:47,Uninvite,Oscar_Lauren has been uninvited by Kelvin_Helfort.
14.12.2024 15:11,Uninvite,Greely_Tieck has been uninvited by Reggie_Ruzzardi.
13.12.2024 19:04,Uninvite,James_McMiller has been uninvited by Reggie_Ruzzardi.
13.12.2024 15:01,Uninvite,Fiore_Gaetani has been uninvited by Kelvin_Helfort.
13.12.2024 13:05,Uninvite,Aiam_Lombardi has been uninvited by Parker_Wells.
09.12.2024 20:37,Uninvite,Antonio_Capparelli has been uninvited by Castoro_Ossola.
08.12.2024 23:11,Uninvite,Luigi_Dalapego has been uninvited by Castoro_Ossola.
06.12.2024 20:34,Uninvite,Neil_Newton has been uninvited by William_Bradford.
06.12.2024 19:43,Uninvite,Kate_Mamba has been uninvited by Antonio_Calvarese.
03.12.2024 23:38,Uninvite,Ach_Schweinsteiger has been uninvited by Antonio_Calvarese.
03.12.2024 22:06,Uninvite,Xan_Wolz has been uninvited by Castoro_Ossola.
03.12.2024 18:51,Uninvite,Qasim_Suleiman has been uninvited by Kelvin_Helfort.
02.12.2024 14:53,Uninvite,Ricks_Grant has been uninvited by Manuel_Varezzo.
02.12.2024 11:46,Uninvite,Elena_Floyd has been uninvited by Manuel_Varezzo.
01.12.2024 22:57,Uninvite,Ben_Mccoin has been uninvited by Mason_Gilroy.
01.12.2024 21:24,Uninvite,Julius_Abelardo has been uninvited by William_Bradford.
01.12.2024 10:13,Uninvite,Ted_Jericho has been uninvited by Antonio_Calvarese.
30.11.2024 13:48,Uninvite,Enzo_Corzetti has been uninvited by Kelvin_Helfort.
28.11.2024 21:02,Uninvite,Fahad_Suleiman has been uninvited by Antonio_Calvarese.
27.11.2024 13:18,Uninvite,Carl_Reznov has been uninvited by Antonio_Calvarese.
26.11.2024 20:26,Uninvite,Carlos_Kraft has been uninvited by Francis_Whittaker.
26.11.2024 15:41,Uninvite,Patsy_Wells has been uninvited by Reggie_Ruzzardi.
26.11.2024 11:50,Uninvite,Anthony_Reagan has been uninvited by Parker_Wells.
25.11.2024 20:43,Uninvite,Cornelious_Hughes has been uninvited by Castoro_Ossola.
25.11.2024 18:09,Uninvite,Andy_Cooper has been uninvited by Paulo_Ferreira.
25.11.2024 08:29,Uninvite,Joe_Clover has been uninvited by Parker_Wells.
24.11.2024 17:47,Uninvite,Seff_DePalma has been uninvited by Kelvin_Helfort.
23.11.2024 22:08,Uninvite,Ken_Necrozma has been uninvited by Reggie_Ruzzardi.
23.11.2024 18:10,Uninvite,Rigil_Licata has been uninvited by Kelvin_Helfort.
23.11.2024 16:22,Uninvite,Roturo_Enzo has been uninvited by Reggie_Ruzzardi.
23.11.2024 14:54,Uninvite,Marthin_Octstantine has been uninvited by Kelvin_Helfort.
22.11.2024 11:53,Uninvite,Dave_Crawford has been uninvited by Dave_Crawford.
22.11.2024 10:24,Uninvite,Amin_Moradi has been uninvited by Parker_Wells.
20.11.2024 12:28,Uninvite,Jhon_Badman has been uninvited by Parker_Wells.
19.11.2024 15:38,Uninvite,Maksim_Malinovskyi has been uninvited by Castoro_Ossola.
19.11.2024 15:38,Uninvite,Kreoxy_Schneider has been uninvited by Castoro_Ossola.
18.11.2024 01:13,Uninvite,Xhon_Williams has been uninvited by Castoro_Ossola.
17.11.2024 22:29,Uninvite,Donato_Corona has been uninvited by Michael_Hueston.
17.11.2024 14:56,Uninvite,Harvey_Floss has been uninvited by Parker_Wells.
17.11.2024 01:33,Uninvite,Larry_Salvatore has been uninvited by Antonio_Capparelli.
16.11.2024 23:41,Uninvite,Berto_Locatello has been uninvited by Antonio_Calvarese.
16.11.2024 01:07,Uninvite,Carter_Winslow has been uninvited by Antonio_Capparelli.
16.11.2024 00:37,Uninvite,Vince_Ross has been uninvited by Edward_Floyd.
14.11.2024 18:00,Uninvite,Dave_Crawford has been uninvited by Dave_Crawford.
14.11.2024 11:56,Uninvite,Leo_Evans has been uninvited by Kelvin_Helfort.
12.11.2024 20:03,Uninvite,Zohan_Cozza has been uninvited by Paulo_Ferreira.
12.11.2024 11:09,Uninvite,William_Keno has been uninvited by Elena_Floyd.
11.11.2024 11:22,Uninvite,Rafael_Bucci has been uninvited by Kelvin_Helfort.
11.11.2024 02:12,Uninvite,Aaron_Salvatore has been uninvited by Antonio_Calvarese.
10.11.2024 19:05,Uninvite,Maksim_Malinovskyi has been uninvited by Elena_Floyd.
10.11.2024 19:04,Uninvite,Kreoxy_Schneider has been uninvited by Elena_Floyd.
07.11.2024 17:08,Uninvite,George_Winters has been uninvited by Parker_Wells.
07.11.2024 14:14,Uninvite,Sancho_Campa has been uninvited by Antonio_Calvarese.
06.11.2024 08:36,Uninvite,Raven_Napoli has been uninvited by Parker_Wells.
06.11.2024 01:22,Uninvite,Mike_Argiro has been uninvited by Carter_Winslow.
04.11.2024 17:24,Uninvite,Alfio_Vitagliano has been uninvited by Antonio_Calvarese.
04.11.2024 09:37,Uninvite,Noah_Wells has been uninvited by Edward_Floyd.
03.11.2024 20:13,Uninvite,Robert_Dayer has been uninvited by Paulo_Ferreira.
03.11.2024 13:42,Uninvite,Maddy_Changco has been uninvited by Noah_Wells.
02.11.2024 13:43,Uninvite,Francisque_Muscowequan has been uninvited by Kelvin_Helfort.
02.11.2024 07:46,Uninvite,Nicholas_Grant has been uninvited by Wo_Et.
02.11.2024 07:44,Uninvite,Nicholas_Grant has been uninvited by Wo_Et.
31.10.2024 11:52,Uninvite,Tito_DeSanto has been uninvited by Noah_Wells.
31.10.2024 11:52,Uninvite,Marco_DeSanto has been uninvited by Noah_Wells.
31.10.2024 09:52,Uninvite,Karanji_Zed has been uninvited by Noah_Wells.
27.10.2024 18:24,Uninvite,Ari_Ezequiel has been uninvited by Edward_Floyd.
24.10.2024 19:56,Uninvite,Khushal_Pareek has been uninvited by Kelvin_Helfort.
24.10.2024 14:18,Uninvite,Valar_Montalto has been uninvited by Valar_Montalto.
16.10.2024 22:46,Uninvite,Pedro_Barletta has been uninvited by Antonio_Calvarese.
15.10.2024 12:54,Uninvite,Jaz_Giacchetti has been uninvited by Edward_Floyd.
12.10.2024 22:24,Uninvite,Vincent_Coke has been uninvited by Antonio_Calvarese.
12.10.2024 20:03,Uninvite,Cassius_Griffin has been uninvited by Antonio_Calvarese.
12.10.2024 19:25,Uninvite,Calvin_Dinero has been uninvited by Ruslan_Massalsky.
12.10.2024 19:15,Uninvite,Grimaldo_Balbino has been uninvited by Kelvin_Helfort.
11.10.2024 18:36,Uninvite,Liwei_Nocta has been uninvited by Reggie_Ruzzardi.
10.10.2024 23:45,Uninvite,Niko_Tya has been uninvited by Grimaldo_Balbino.
10.10.2024 22:17,Uninvite,Luffa_Victoriano has been uninvited by Paulo_Ferreira.
10.10.2024 21:31,Uninvite,Brayden_Edgerton has been uninvited by Grimaldo_Balbino.
10.10.2024 17:39,Uninvite,Diavolo_Shekelton has been uninvited by Abe_Helfort.
09.10.2024 22:46,Uninvite,Sylvester_Hirst has been uninvited by Grimaldo_Balbino.
08.10.2024 09:27,Uninvite,Salvatore_Winchester has been uninvited by Julius_Abelardo.
07.10.2024 18:20,Uninvite,William_Giacchetti has been uninvited by Hester_Burnett.
06.10.2024 13:02,Uninvite,Nicholas_Grant has been uninvited by Reggie_Ruzzardi.
05.10.2024 19:05,Uninvite,Andrew_Alex has been uninvited by Edward_Floyd.
04.10.2024 14:28,Uninvite,Dave_Barletta has been uninvited by Hester_Burnett.
04.10.2024 13:22,Uninvite,Luciano_Griffin has been uninvited by Hester_Burnett.
01.10.2024 09:47,Uninvite,Matthew_Scofield has been uninvited by Aaron_Quinn.
30.09.2024 23:53,Uninvite,Matteo_Bucci has been uninvited by Grimaldo_Balbino.
30.09.2024 19:08,Uninvite,Louis_Hadley has been uninvited by Edward_Floyd.
30.09.2024 13:53,Uninvite,Servando_Piro has been uninvited by Grimaldo_Balbino.
29.09.2024 20:50,Uninvite,Raouf_Hamrani has been uninvited by Ruslan_Massalsky.
29.09.2024 13:26,Uninvite,Zlaja_Giaccheti has been uninvited by Mario_Palermo.
29.09.2024 09:34,Uninvite,Peli_Valentino has been uninvited by Galvaro_Griffin.
28.09.2024 08:10,Uninvite,Accetta_Costa has been uninvited by Fletcher_Joyce.
27.09.2024 18:31,Uninvite,Benedict_Jefferson has been uninvited by Aaron_Quinn.
26.09.2024 15:27,Uninvite,Dwayne_Burnett has been uninvited by James_Coleman.
25.09.2024 11:29,Uninvite,Angeline_Chua has been uninvited by Hester_Burnett.
25.09.2024 11:27,Uninvite,Jose_Sangco has been uninvited by Hester_Burnett.
24.09.2024 18:36,Uninvite,Octavius_Asha has been uninvited by Fletcher_Joyce.
24.09.2024 14:13,Uninvite,Alvaro_Taco has been uninvited by Fletcher_Joyce.
20.09.2024 08:48,Uninvite,Jose_Sangco has been uninvited by Parker_Scofield.
16.09.2024 23:35,Uninvite,Carlito_Barrasso has been uninvited by Aaron_Quinn.
16.09.2024 23:34,Uninvite,Miguel_Strozzi has been uninvited by Aaron_Quinn.
16.09.2024 23:33,Uninvite,Ray_Baratti has been uninvited by Aaron_Quinn.
16.09.2024 00:14,Uninvite,Carlito_Barrasso has been uninvited by Reggie_Ruzzardi.
16.09.2024 00:05,Uninvite,Ray_Baratti has been uninvited by Reggie_Ruzzardi.
15.09.2024 19:29,Uninvite,Martin_Califano has been uninvited by Murad_Scofield.
15.09.2024 18:20,Uninvite,Giovanni_VacCaro has been uninvited by Parker_Scofield.
14.09.2024 18:56,Uninvite,Giovanni_VacCaro has been uninvited by Fletcher_Joyce.
14.09.2024 18:15,Uninvite,Martin_Califano has been uninvited by Melm_Pearce.
12.09.2024 12:30,Uninvite,Sergie_Severov has been uninvited by Sergie_Severov.
11.09.2024 11:29,Uninvite,Martin_Califano has been uninvited by Julius_Abelardo.
09.09.2024 22:29,Uninvite,Carmin_Royce has been uninvited by Melm_Pearce.
09.09.2024 19:01,Uninvite,Drizzy_Licati has been uninvited by Julius_Abelardo.
09.09.2024 10:33,Uninvite,Angelo_Cresci has been uninvited by Fletcher_Joyce.
08.09.2024 19:20,Uninvite,Sherry_Arrain has been uninvited by Fletcher_Joyce.
08.09.2024 16:34,Uninvite,Stu_Sacco has been uninvited by Ruslan_Massalsky.
08.09.2024 16:19,Uninvite,Nicholai_Severov has been uninvited by Fletcher_Joyce.
07.09.2024 17:07,Uninvite,Yoke_Zakkeh has been uninvited by Julius_Abelardo.
07.09.2024 17:07,Uninvite,Jenn_Dickson has been uninvited by Julius_Abelardo.
07.09.2024 16:36,Uninvite,Chao_Bustamante has been uninvited by Edward_Floyd.
07.09.2024 15:53,Uninvite,Lorenzo_Taco has been uninvited by Galvaro_Griffin.
06.09.2024 15:11,Uninvite,Lorenzo_Taco has been uninvited by Parker_Scofield.
04.09.2024 17:09,Uninvite,Nicholai_Antonovich has been uninvited by Nicholai_Severov.
04.09.2024 13:34,Uninvite,Wo_Et has been uninvited by Wo_Et.
03.09.2024 23:41,Uninvite,Takai_Kazuki has been uninvited by Sergie_Severov.
03.09.2024 12:04,Uninvite,Luca_Mandez has been uninvited by Sergie_Severov.
03.09.2024 11:56,Uninvite,Alejandro_Cruz has been uninvited by Fletcher_Joyce.
03.09.2024 07:22,Uninvite,Mario_Palermo has been uninvited by Sergie_Severov.
01.09.2024 22:04,Uninvite,Boka_Choda has been uninvited by Louis_Hadley.
01.09.2024 20:03,Uninvite,Boka_Choda has been uninvited by Sergie_Severov.
01.09.2024 19:28,Uninvite,Andrea_Gonzalez has been uninvited by Louis_Hadley.
29.08.2024 19:49,Uninvite,Anthony_Agaro has been uninvited by Sergie_Severov.
29.08.2024 07:17,Uninvite,Duke_Metternich has been uninvited by Sergie_Severov.
28.08.2024 19:23,Uninvite,Shuab_Khan has been uninvited by Fletcher_Joyce.
27.08.2024 20:18,Uninvite,Alexi_Giancana has been uninvited by Melm_Pearce.
27.08.2024 07:27,Uninvite,Javi_Verderaz has been uninvited by Fletcher_Joyce.
26.08.2024 21:16,Uninvite,Boka_Choda has been uninvited by Sergie_Severov.
26.08.2024 16:44,Uninvite,Ramsey_Hampton has been uninvited by Ramsey_Hampton.
26.08.2024 15:14,Uninvite,Duke_Metternich has been uninvited by Parker_McLaren.
26.08.2024 12:15,Uninvite,Joseph_Kraft has been uninvited by Parker_McLaren.
26.08.2024 11:25,Uninvite,Nathan_Kraft has been uninvited by Parker_McLaren.
25.08.2024 23:15,Uninvite,Ray_Floyd has been uninvited by Julius_Abelardo.
25.08.2024 15:00,Uninvite,Taran_Warrior has been uninvited by Sergie_Severov.
25.08.2024 12:20,Uninvite,Mori_Wyatt has been uninvited by Vito_Bucci.
24.08.2024 19:22,Uninvite,Harry_Wosi has been uninvited by Ramsey_Hampton.
24.08.2024 19:05,Uninvite,Ray_Quinton has been uninvited by Sergie_Severov.
23.08.2024 19:28,Uninvite,Danny_Daugherty has been uninvited by Melm_Pearce.
23.08.2024 16:05,Uninvite,Jace_Kraft has been uninvited by Fletcher_Joyce.
23.08.2024 13:59,Uninvite,Rio_Kraft has been uninvited by Fletcher_Joyce.
23.08.2024 12:48,Uninvite,Mason_Kraft has been uninvited by Fletcher_Joyce.
23.08.2024 12:40,Uninvite,Zoro_Kraft has been uninvited by Fletcher_Joyce.
23.08.2024 12:40,Uninvite,Theo_Kraft has been uninvited by Fletcher_Joyce.
23.08.2024 12:40,Uninvite,Lexus_Kraft has been uninvited by Fletcher_Joyce.
23.08.2024 12:40,Uninvite,Renato_Kraft has been uninvited by Fletcher_Joyce.
23.08.2024 12:40,Uninvite,Jun_Kraft has been uninvited by Fletcher_Joyce.
23.08.2024 03:02,Uninvite,Leon_Kraft has been uninvited by Fletcher_Joyce.
21.08.2024 19:22,Uninvite,Martin_Califano has been uninvited by Fletcher_Joyce.
21.08.2024 11:55,Uninvite,Daus_Winters has been uninvited by Parker_McLaren.
20.08.2024 16:15,Uninvite,Alfajer_Mazanov has been uninvited by Vito_Bucci.
20.08.2024 01:36,Uninvite,Brayden_Edgerton has been uninvited by Grimaldo_Balbino.
19.08.2024 18:47,Uninvite,Ivo_Licata has been uninvited by Fletcher_Joyce.
19.08.2024 15:34,Uninvite,Nico_Wulf has been uninvited by Parker_McLaren.
19.08.2024 12:54,Uninvite,Hiki_Eix has been uninvited by Fletcher_Joyce.
18.08.2024 16:57,Uninvite,Krucht_Grant has been uninvited by Fletcher_Joyce.
18.08.2024 15:36,Uninvite,Pablo_McLaren has been uninvited by Nicholai_Severov.
18.08.2024 11:45,Uninvite,Flow_Verderaz has been uninvited by Flow_Verderaz.
18.08.2024 11:45,Uninvite,Kobe_Verderaz has been uninvited by Kobe_Verderaz.
17.08.2024 02:48,Uninvite,Xhon_Williams has been uninvited by Javez_Kemerovo.
16.08.2024 17:47,Uninvite,Harvey_Floss has been uninvited by Vito_Bucci.
16.08.2024 16:22,Uninvite,Luca_Mandez has been uninvited by Vito_Bucci.
14.08.2024 15:03,Uninvite,Leo_Kush has been uninvited by Vito_Bucci.
14.08.2024 14:55,Uninvite,Wilson_Anderson has been uninvited by Grimaldo_Balbino.
13.08.2024 15:15,Uninvite,Anthony_Graham has been uninvited by Anthony_Graham.
13.08.2024 14:14,Uninvite,Jacob_Alferdo has been uninvited by Fletcher_Joyce.
12.08.2024 07:23,Uninvite,Pedro_Barletta has been uninvited by Fletcher_Joyce.
11.08.2024 21:28,Uninvite,Giovanni_Mallciani has been uninvited by Melm_Pearce.
10.08.2024 19:20,Uninvite,Noah_Whittaker has been uninvited by Ramsey_Hampton.
07.08.2024 22:40,Uninvite,Chris_Toro has been uninvited by Jacob_Winton.
05.08.2024 23:18,Uninvite,Kay_Soprano has been uninvited by Antonio_Paz.
05.08.2024 17:31,Uninvite,Nicholai_Antonovich has been uninvited by Mandeliene_Vikovic.
05.08.2024 14:14,Uninvite,John_Rambo has been uninvited by Fletcher_Joyce.
04.08.2024 22:45,Uninvite,Neil_Glover has been uninvited by Antonio_Paz.
04.08.2024 22:05,Uninvite,Nathan_Kraft has been uninvited by Grimaldo_Balbino.
04.08.2024 20:17,Uninvite,Leon_Kraft has been uninvited by Grimaldo_Balbino.
03.08.2024 19:15,Uninvite,Andrea_Gonzalez has been uninvited by Mandeliene_Vikovic.
02.08.2024 17:26,Uninvite,Arturo_Winters has been uninvited by Nicholai_Severov.
02.08.2024 13:38,Uninvite,Vito_Bucci has been uninvited by Arturo_Winters.
01.08.2024 18:31,Uninvite,Wilson_Anderson has been uninvited by Vito_Bucci.
01.08.2024 17:41,Uninvite,Tito_Verderaz has been uninvited by Nicholai_Severov.
01.08.2024 16:20,Uninvite,Masaccio_Bakkioui has been uninvited by Antonio_Bucci.
31.07.2024 19:28,Uninvite,Ray_Floyd has been uninvited by Kobe_Verderaz.
31.07.2024 18:07,Uninvite,Hiroshi_Nakamura has been uninvited by Kobe_Verderaz.
31.07.2024 11:32,Uninvite,Sherry_Arrain has been uninvited by Kobe_Verderaz.
29.07.2024 12:11,Uninvite,Flow_Verderaz has been uninvited by Kobe_Verderaz.
28.07.2024 15:07,Uninvite,Tito_Verderaz has been uninvited by Carlos_Daabas.
27.07.2024 16:55,Uninvite,Gabriel_Reznov has been uninvited by Fletcher_Joyce.
25.07.2024 18:57,Uninvite,Benjamin_Doyle has been uninvited by ValJean_Volkov.
24.07.2024 21:17,Uninvite,Scorey_Snow has been uninvited by Nicholai_Severov.
24.07.2024 21:17,Uninvite,Nyu_Wulf has been uninvited by Nicholai_Severov.
22.07.2024 14:06,Uninvite,Levi_Anderson has been uninvited by Fletcher_Joyce.
21.07.2024 20:30,Uninvite,Clippaa_Hernandez has been uninvited by Lucas_Floyd.
21.07.2024 20:20,Uninvite,Javez_Kemerovo has been uninvited by Carlos_Daabas.
21.07.2024 20:11,Uninvite,Chizo_Lexus has been uninvited by Lucas_Floyd.
21.07.2024 14:28,Uninvite,William_Bradford has been uninvited by Grimaldo_Balbino.
21.07.2024 13:33,Uninvite,Enzo_Benzo has been uninvited by Fletcher_Joyce.
20.07.2024 19:18,Uninvite,Nicholai_Severov has been uninvited by Nicholai_Severov.
20.07.2024 19:18,Uninvite,Sergie_Severov has been uninvited by Nicholai_Severov.
19.07.2024 19:07,Uninvite,Amen_Anderson has been uninvited by Kobe_Verderaz.
19.07.2024 16:39,Uninvite,Jacob_Blackmore has been uninvited by Fletcher_Joyce.
19.07.2024 15:36,Uninvite,Harry_Wosi has been uninvited by Mandeliene_Vikovic.
17.07.2024 17:38,Uninvite,Mika_Gotti has been uninvited by Selen_Raine.
14.07.2024 20:34,Uninvite,Fidel_Bucci has been uninvited by Reggie_Ruzzardi.
14.07.2024 18:54,Uninvite,Mark_Zepto has been uninvited by Kobe_Verderaz.
14.07.2024 13:40,Uninvite,Lan_Noa has been uninvited by Carlos_Daabas.
14.07.2024 00:35,Uninvite,Alex_LaWoods has been uninvited by Kobe_Verderaz.
14.07.2024 00:18,Uninvite,Zhonghua_Chongan has been uninvited by Carlos_Daabas.
13.07.2024 16:40,Uninvite,Carlos_Daabas has been uninvited by Carlos_Daabas.
11.07.2024 18:56,Uninvite,Vincent_Decker has been uninvited by Carlos_Daabas.
11.07.2024 12:04,Uninvite,Koby_Sixton has been uninvited by Duke_Metternich.
11.07.2024 00:53,Uninvite,Mark_Sinatra has been uninvited by Carlos_Daabas.
11.07.2024 00:52,Uninvite,Xerxes_Mamba has been uninvited by Carlos_Daabas.
11.07.2024 00:05,Uninvite,Wade_Mamba has been uninvited by Carlos_Daabas.
10.07.2024 22:58,Uninvite,Samuel_Noa has been uninvited by Carlos_Daabas.
10.07.2024 21:22,Uninvite,Rafael_Bucci has been uninvited by Carlos_Daabas.
10.07.2024 20:46,Uninvite,Nal_Noa has been uninvited by Carlos_Daabas.
10.07.2024 13:19,Uninvite,Jason_Benedetti has been uninvited by Duke_Metternich.
07.07.2024 23:06,Uninvite,Joe_Martinez has been uninvited by Nicholai_Severov.
07.07.2024 00:13,Uninvite,Nicholas_Angelopoulos has been uninvited by Arturo_Winters.
06.07.2024 18:12,Uninvite,Ken_Griffin has been uninvited by Fletcher_Joyce.
06.07.2024 17:41,Uninvite,Victor_Civello has been uninvited by Fletcher_Joyce.
05.07.2024 19:54,Uninvite,Ronald_Davis has been uninvited by Fletcher_Joyce.
05.07.2024 17:14,Uninvite,Randy_Yaguez has been uninvited by Nicholai_Severov.
04.07.2024 18:19,Uninvite,Wolf_Erich has been uninvited by Antonio_Bucci.
04.07.2024 08:48,Uninvite,Rafael_Bucci has been uninvited by Duke_Metternich.
03.07.2024 23:12,Uninvite,Elijah_Barletta has been uninvited by Nicholai_Severov.
03.07.2024 22:18,Uninvite,Vince_Ross has been uninvited by Fletcher_Joyce.
02.07.2024 16:28,Uninvite,Bakry_Suleiman has been uninvited by Fletcher_Joyce.
02.07.2024 00:54,Uninvite,Mapko_Manija has been uninvited by Fletcher_Joyce.
02.07.2024 00:25,Uninvite,Thomas_Burke has been uninvited by Thomas_Burke.
01.07.2024 20:16,Uninvite,Stu_Sacco has been uninvited by Nicholai_Severov.
30.06.2024 16:35,Uninvite,Anthony_Graham has been uninvited by Nicholai_Severov.
30.06.2024 03:05,Uninvite,Leo_Loannou has been uninvited by Grimaldo_Balbino.
29.06.2024 17:21,Uninvite,Anthony_Graham has been uninvited by Nicholai_Severov.
29.06.2024 11:44,Uninvite,Kelly_Levine has been uninvited by Lucas_Floyd.
28.06.2024 15:14,Uninvite,Jimmy_Daugherty has been uninvited by Jo_Jungski.
28.06.2024 15:11,Uninvite,Cleon_Cartier has been uninvited by Jo_Jungski.
28.06.2024 08:59,Uninvite,Jonny_Salvatore has been uninvited by Duke_Metternich.
25.06.2024 17:26,Uninvite,Davies_Solace has been uninvited by Nicholai_Severov.
24.06.2024 17:14,Uninvite,Rocco_Corzetti has been uninvited by Kingstone_Mamba.
24.06.2024 12:56,Uninvite,Angelo_DeCarlo has been uninvited by Fletcher_Joyce.
22.06.2024 18:55,Uninvite,Aaron_Quinn has been uninvited by William_Bradford.
22.06.2024 18:52,Uninvite,Cleon_Cartier has been uninvited by William_Bradford.
22.06.2024 18:43,Uninvite,Tito_Verderaz has been uninvited by William_Bradford.
22.06.2024 07:27,Uninvite,Nicola_Mamba has been uninvited by Duke_Metternich.
22.06.2024 07:26,Uninvite,Kevin_Mamba has been uninvited by Duke_Metternich.
21.06.2024 17:39,Uninvite,Suge_Gibbs has been uninvited by Antonio_Bucci.
20.06.2024 00:04,Uninvite,Santino_Capazzo has been uninvited by Grimaldo_Balbino.
19.06.2024 17:01,Uninvite,Haider_LeRat has been uninvited by Ramsey_Hampton.
19.06.2024 12:27,Uninvite,Lance_Hoyt has been uninvited by Vito_Bucci.
18.06.2024 21:21,Uninvite,Italo_Bucci has been uninvited by Vito_Bucci.
18.06.2024 14:36,Uninvite,Haider_LeRat has been uninvited by Vito_Bucci.
18.06.2024 12:58,Uninvite,Cody_Gibbs has been uninvited by Vito_Bucci.
17.06.2024 21:09,Uninvite,Fred_Mamba has been uninvited by Fletcher_Joyce.
17.06.2024 20:10,Uninvite,Harry_Wosi has been uninvited by Ramsey_Hampton.
17.06.2024 14:53,Uninvite,Bert_Burke has been uninvited by Grimaldo_Balbino.
13.06.2024 14:16,Uninvite,Enzo_Armani has been uninvited by Ted_Jericho.
13.06.2024 14:07,Uninvite,Angelo_DeCarlo has been uninvited by Edward_Floyd.
12.06.2024 22:19,Uninvite,Fred_Woods has been uninvited by Grimaldo_Balbino.
12.06.2024 19:29,Uninvite,Arturo_Winters has been uninvited by Ramsey_Hampton.
12.06.2024 19:04,Uninvite,Tim_Timms has been uninvited by Ramsey_Hampton.
12.06.2024 16:40,Uninvite,Fred_Woods has been uninvited by Ramsey_Hampton.
11.06.2024 13:06,Uninvite,David_Pagatti has been uninvited by Ted_Jericho.
10.06.2024 20:42,Uninvite,Jesus_Mendez has been uninvited by Ramsey_Hampton.
10.06.2024 17:58,Uninvite,Jack_Capezza has been uninvited by Grimaldo_Balbino.
10.06.2024 14:03,Uninvite,Scarlett_Nocta has been uninvited by Alejandro_Rios.
10.06.2024 13:54,Uninvite,Matthew_Lancaster has been uninvited by Fletcher_Joyce.
07.06.2024 23:29,Uninvite,Wade_Bradford has been uninvited by Lucas_Floyd.
07.06.2024 20:34,Uninvite,Michael_Hueston has been uninvited by Carmin_Royce.
06.06.2024 22:26,Uninvite,Denis_Tsyplyankov has been uninvited by Edward_Floyd.
05.06.2024 18:59,Uninvite,Philippe_Markovicevo has been uninvited by Carmin_Royce.
05.06.2024 15:11,Uninvite,Koby_Sixton has been uninvited by Edward_Floyd.
05.06.2024 01:36,Uninvite,Vasily_Salvatore has been uninvited by Grimaldo_Balbino.
02.06.2024 17:31,Uninvite,Harvey_Piro has been uninvited by Lucas_Floyd.
30.05.2024 12:50,Uninvite,Ted_Jericho has been uninvited by Fletcher_Joyce.
30.05.2024 01:34,Uninvite,Leo_Noa has been uninvited by Fletcher_Joyce.
29.05.2024 18:14,Uninvite,Vasily_Vall has been uninvited by Valerio_Saccone.
28.05.2024 20:13,Uninvite,Jayson_Scofield has been uninvited by Enzo_Muzarti.
28.05.2024 18:53,Uninvite,Mattanchery_Marty has been uninvited by Fletcher_Joyce.
27.05.2024 22:26,Uninvite,Mario_Winters has been uninvited by Jesus_Royce.
26.05.2024 10:38,Uninvite,Matthew_Scofield has been uninvited by Fletcher_Joyce.
25.05.2024 19:06,Uninvite,Chris_Toro has been uninvited by Fletcher_Joyce.
25.05.2024 16:42,Uninvite,Deen_Harris has been uninvited by Harvey_Piro.
24.05.2024 20:40,Uninvite,Braum_McLaren has been uninvited by Jesus_Royce.
24.05.2024 19:10,Uninvite,Kobe_Verderaz has been uninvited by Ramsey_Hampton.
24.05.2024 16:37,Uninvite,Matteo_Bucci has been uninvited by Harvey_Piro.
24.05.2024 10:01,Uninvite,Bobby_Marsico has been uninvited by Fletcher_Joyce.
23.05.2024 12:59,Uninvite,Elmo_Benito has been uninvited by Vito_Bucci.
19.05.2024 20:13,Uninvite,Tito_Noa has been uninvited by Emma_Snow.
19.05.2024 16:55,Uninvite,Aaron_Quinn has been uninvited by Ramsey_Hampton.
17.05.2024 15:06,Uninvite,Pablo_Woolf has been uninvited by Mandeliene_Vikovic.
17.05.2024 14:19,Uninvite,Leo_Noa has been uninvited by Mandeliene_Vikovic.
17.05.2024 01:22,Uninvite,Pedro_Ratnik has been uninvited by Grimaldo_Balbino.
16.05.2024 21:21,Uninvite,Gerard_Sullivan has been uninvited by Jesus_Royce.
16.05.2024 16:57,Uninvite,Deion_Mamba has been uninvited by Jesus_Royce.
16.05.2024 09:21,Uninvite,Enzo_Garcia has been uninvited by Grimaldo_Balbino.
15.05.2024 20:17,Uninvite,Mattanchery_Anny has been uninvited by Emma_Snow.
14.05.2024 21:30,Uninvite,Chris_Toro has been uninvited by Emma_Snow.
13.05.2024 18:06,Uninvite,Eman_Voorhees has been uninvited by Mandeliene_Vikovic.
12.05.2024 15:32,Uninvite,Amanda_Jansen has been uninvited by Harvey_Piro.
11.05.2024 18:11,Uninvite,Rafael_Bucci has been uninvited by Mandeliene_Vikovic.
11.05.2024 15:45,Uninvite,Nebraas_Suleiman has been uninvited by Mandeliene_Vikovic.
11.05.2024 15:06,Uninvite,Nathanael_Knightley has been uninvited by Harvey_Piro.
11.05.2024 13:24,Uninvite,David_Pagatti has been uninvited by Mandeliene_Vikovic.
11.05.2024 12:49,Uninvite,Thomas_Cavish has been uninvited by Harvey_Piro.
08.05.2024 14:11,Uninvite,Lance_Bucci has been uninvited by Jesus_Royce.
07.05.2024 23:16,Uninvite,Emma_Snow has been uninvited by Thomas_Cavish.
07.05.2024 14:25,Uninvite,Danzel_Kennedy has been uninvited by Mandeliene_Vikovic.
06.05.2024 15:47,Uninvite,Mateo_Vederano has been uninvited by Silvia_Mijares.
06.05.2024 14:48,Uninvite,David_Pagatti has been uninvited by Mandeliene_Vikovic.
05.05.2024 19:16,Uninvite,Selen_Raine has been uninvited by Selen_Raine.
05.05.2024 17:09,Uninvite,Andrey_Severov has been uninvited by Harvey_Piro.
05.05.2024 16:54,Uninvite,Vito_Noa has been uninvited by Vito_Bucci.
04.05.2024 23:58,Uninvite,Denver_Casalleto has been uninvited by Florenco_Giotto.
04.05.2024 17:22,Uninvite,Jaden_Snow has been uninvited by Harvey_Piro.
04.05.2024 16:40,Uninvite,Tito_Noa has been uninvited by Ramsey_Hampton.
04.05.2024 12:16,Uninvite,Izzy_Barboza has been uninvited by Mandeliene_Vikovic.
04.05.2024 11:27,Uninvite,Mushaf_Fibonacci has been uninvited by Mandeliene_Vikovic.
03.05.2024 19:06,Uninvite,Daniel_Kraft has been uninvited by Ramsey_Hampton.
02.05.2024 13:32,Uninvite,Gilberto_Carrillo has been uninvited by Vince_Ross.
01.05.2024 20:54,Uninvite,Jamie_Paris has been uninvited by Lucas_Floyd.
30.04.2024 11:54,Uninvite,Sony_Vendetta has been uninvited by Michael_Hueston.
29.04.2024 20:52,Uninvite,Zhonghua_Chongan has been uninvited by Vince_Ross.
28.04.2024 21:50,Uninvite,Shigeo_Jiang has been uninvited by Fletcher_Joyce.
28.04.2024 21:50,Uninvite,Kouji_Jiang has been uninvited by Fletcher_Joyce.
28.04.2024 21:50,Uninvite,Joey_Reagan has been uninvited by Fletcher_Joyce.
28.04.2024 21:50,Uninvite,Philip_Reagan has been uninvited by Fletcher_Joyce.
27.04.2024 08:38,Uninvite,Jayson_Scofield has been uninvited by Philip_Reagan.
25.04.2024 15:51,Uninvite,Jason_Versetti has been uninvited by Vince_Ross.
25.04.2024 07:46,Uninvite,Sand_Gunner has been uninvited by Enzo_Muzarti.
25.04.2024 00:35,Uninvite,Marcel_Gunner has been uninvited by Shigeo_Jiang.
23.04.2024 20:25,Uninvite,Vince_DiNozzo has been uninvited by Shigeo_Jiang.
21.04.2024 14:20,Uninvite,David_Pagatti has been uninvited by Vito_Bucci.
21.04.2024 14:02,Uninvite,Valerio_Saccone has been uninvited by Fletcher_Joyce.
20.04.2024 09:53,Uninvite,Alex_Orteza has been uninvited by Mandeliene_Vikovic.
19.04.2024 22:46,Uninvite,Andrea_Umalandrin has been uninvited by Edward_Floyd.
19.04.2024 22:00,Uninvite,Luis_Ruzzardi has been uninvited by Philip_Reagan.
19.04.2024 17:32,Uninvite,Miroslav_Massalsky has been uninvited by Jesus_Royce.
18.04.2024 19:06,Uninvite,Clo_Daugherty has been uninvited by Jamie_Paris.
18.04.2024 19:05,Uninvite,Jose_Kooerbo has been uninvited by Jamie_Paris.
17.04.2024 18:08,Uninvite,Zeiko_Hanako has been uninvited by Eren_Reagan.
17.04.2024 16:55,Uninvite,Nolan_Eix has been uninvited by Fletcher_Joyce.
17.04.2024 15:42,Uninvite,Miroslav_Massalsky has been uninvited by Vito_Bucci.
16.04.2024 15:18,Uninvite,Diwata_Pawers has been uninvited by Mandeliene_Vikovic.
15.04.2024 15:48,Uninvite,Zain_Gunner has been uninvited by Vito_Bucci.
14.04.2024 18:14,Uninvite,Nolan_Eix has been uninvited by Kouji_Jiang.
14.04.2024 16:00,Uninvite,Eliano_Bellini has been uninvited by Mandeliene_Vikovic.
13.04.2024 19:00,Uninvite,Jonny_Salvatore has been uninvited by Nal_Noa.
12.04.2024 23:16,Uninvite,Jesus_Mendez has been uninvited by Joey_Reagan.
11.04.2024 13:10,Uninvite,Lance_Harris has been uninvited by Philip_Reagan.
10.04.2024 18:59,Uninvite,Louis_Hadley has been uninvited by Philip_Reagan.
10.04.2024 16:14,Uninvite,Ryan_Araki has been uninvited by Ramsey_Hampton.
09.04.2024 16:27,Uninvite,Miroslav_Massalsky has been uninvited by Ramsey_Hampton.
08.04.2024 21:29,Uninvite,Anthony_Whitaker has been uninvited by Grimaldo_Balbino.
08.04.2024 18:15,Uninvite,Allan_DelaCruz has been uninvited by Kouji_Jiang.
08.04.2024 15:01,Uninvite,Vito_Kraft has been uninvited by Harvey_Piro.
07.04.2024 19:14,Uninvite,Nex_Wolf has been uninvited by Kouji_Jiang.
06.04.2024 18:16,Uninvite,David_Versetti has been uninvited by Ramsey_Hampton.
06.04.2024 18:15,Uninvite,Leonzio_Versetti has been uninvited by Ramsey_Hampton.
06.04.2024 18:10,Uninvite,Micheal_Versetti has been uninvited by Ramsey_Hampton.
06.04.2024 01:00,Uninvite,Duke_Gunner has been uninvited by Grimaldo_Balbino.
04.04.2024 20:42,Uninvite,Qamil_Smith has been uninvited by Grimaldo_Balbino.
04.04.2024 18:23,Uninvite,Arturo_Vitali has been uninvited by Philip_Reagan.
04.04.2024 16:08,Uninvite,Carl_Gambino has been uninvited by Vince_Ross.
04.04.2024 14:08,Uninvite,Anthony_Rosaldo has been uninvited by Vito_Bucci.
04.04.2024 12:04,Uninvite,Bruno_Winton has been uninvited by Grimaldo_Balbino.
31.03.2024 16:45,Uninvite,Arturo_Vitali has been uninvited by Harvey_Piro.
30.03.2024 22:43,Uninvite,Leona_Remis has been uninvited by Kouji_Jiang.
29.03.2024 19:51,Uninvite,Oscar_Pennington has been uninvited by Shigeo_Jiang.
29.03.2024 15:12,Uninvite,Akira_Jiang has been uninvited by Kouji_Jiang.
27.03.2024 15:45,Uninvite,Nelson_Brown has been uninvited by Ramsey_Hampton.
26.03.2024 17:24,Uninvite,Phil_Kenzo has been uninvited by Ramsey_Hampton.
26.03.2024 15:43,Uninvite,Daniel_Chrono has been uninvited by Ramsey_Hampton.
23.03.2024 19:56,Uninvite,Jeff_Gunner has been uninvited by Reggie_Ruzzardi.
23.03.2024 15:14,Uninvite,Fabio_Lombardi has been uninvited by Akira_Jiang.
23.03.2024 00:06,Uninvite,Emilito_Saccone has been uninvited by Akira_Jiang.
22.03.2024 23:08,Uninvite,Intoy_Miuz has been uninvited by Shigeo_Jiang.
22.03.2024 16:42,Uninvite,Mateo_Vederano has been uninvited by Harvey_Piro.
21.03.2024 23:16,Uninvite,Alexander_Piro has been uninvited by Jamie_Paris.
19.03.2024 22:29,Uninvite,Miroslav_Massalsky has been uninvited by Jamie_Paris.
17.03.2024 22:49,Uninvite,Hiroto_Hatakeyama has been uninvited by Jamie_Paris.
17.03.2024 18:22,Uninvite,Thomas_Haldane has been uninvited by Akira_Jiang.
17.03.2024 10:36,Uninvite,Izaak_Kouma has been uninvited by Philip_Reagan.
16.03.2024 21:05,Uninvite,Francesco_Brigante has been uninvited by Akira_Jiang.
16.03.2024 12:32,Uninvite,Alexander_Rostova has been uninvited by Fletcher_Joyce.
15.03.2024 19:22,Uninvite,Edward_Floyd has been uninvited by Lucas_Floyd.
14.03.2024 01:57,Uninvite,Michael_Delazio has been uninvited by Harvey_Piro.
14.03.2024 00:48,Uninvite,Jakk_Saccone has been uninvited by Fletcher_Joyce.
13.03.2024 21:04,Uninvite,Klaudin_Masoni has been uninvited by Joey_Reagan.
13.03.2024 21:02,Uninvite,Michael_Henderson has been uninvited by Joey_Reagan.
13.03.2024 17:06,Uninvite,Luca_Ivanov has been uninvited by Ramsey_Hampton.
12.03.2024 19:34,Uninvite,Sofia_Giovanni has been uninvited by Philip_Reagan.
12.03.2024 19:29,Uninvite,Andrew_Dark has been uninvited by Philip_Reagan.
12.03.2024 11:03,Uninvite,Elmo_Benito has been uninvited by Fletcher_Joyce.
11.03.2024 23:47,Uninvite,Pablo_Woolf has been uninvited by Fletcher_Joyce.
11.03.2024 19:48,Uninvite,Henry_Goth has been uninvited by Fletcher_Joyce.
11.03.2024 17:52,Uninvite,Keron_Banks has been uninvited by Ramsey_Hampton.
10.03.2024 13:26,Uninvite,Parker_Daugherty has been uninvited by Fletcher_Joyce.
10.03.2024 13:23,Uninvite,Parker_Daugherty has been uninvited by Fletcher_Joyce.
09.03.2024 12:59,Uninvite,Joey_Salerno has been uninvited by Philip_Reagan.
09.03.2024 12:48,Uninvite,Ryland_DeLuca has been uninvited by Akira_Jiang.
09.03.2024 01:39,Uninvite,Lucas_Campbell has been uninvited by Kouji_Jiang.
08.03.2024 19:20,Uninvite,Adam_Marcelino has been uninvited by Akira_Jiang.
08.03.2024 17:32,Uninvite,Rose_Dalapego has been uninvited by Castoro_Ossola.
08.03.2024 12:20,Uninvite,Jaden_Mist has been uninvited by Kouji_Jiang.
08.03.2024 12:19,Uninvite,Fredo_Gunner has been uninvited by Kouji_Jiang.
07.03.2024 22:08,Uninvite,Francis_Whittaker has been uninvited by Philip_Reagan.
07.03.2024 21:37,Uninvite,Bogdan_Barboza has been uninvited by Francis_Whittaker.
01.03.2024 21:23,Uninvite,Ricky_Barboza has been uninvited by Philip_Reagan.
01.03.2024 15:52,Uninvite,Andre_Stiazzi has been uninvited by Andre_Stiazzi.
28.02.2024 22:56,Uninvite,Roberto_Scagliotto has been uninvited by James_Coleman.
28.02.2024 19:18,Uninvite,Antonio_Copani has been uninvited by Nicholai_Antonovich.
28.02.2024 00:09,Uninvite,Tony_Daimler has been uninvited by Shigeo_Jiang.
27.02.2024 21:07,Uninvite,Gwen_Boyce has been uninvited by Lucas_Floyd.
26.02.2024 12:53,Uninvite,Richard_Sambo has been uninvited by Kouji_Jiang.
26.02.2024 12:50,Uninvite,Matthew_Scofield has been uninvited by Kouji_Jiang.
25.02.2024 20:39,Uninvite,Quin_Bradley has been uninvited by Jamie_Paris.
25.02.2024 19:06,Uninvite,William_Bradford has been uninvited by Philip_Reagan.
25.02.2024 14:34,Uninvite,Paolo_Kraft has been uninvited by Jose_Kooerbo.
22.02.2024 15:31,Uninvite,Eden_Reagan has been uninvited by Roberto_Scagliotto.
21.02.2024 22:14,Uninvite,Trix_Hobbs has been uninvited by Kouji_Jiang.
21.02.2024 19:35,Uninvite,Henry_Goth has been uninvited by Castoro_Ossola.
21.02.2024 19:31,Uninvite,Abobakr_Falcone has been uninvited by Castoro_Ossola.
20.02.2024 13:55,Uninvite,Paul_Barboza has been uninvited by Matthew_Scofield.
19.02.2024 20:46,Uninvite,Plamen_Cvetanov has been uninvited by Philip_Reagan.
17.02.2024 17:32,Uninvite,Ryz_Russo has been uninvited by Fletcher_Joyce.
17.02.2024 17:32,Uninvite,Marko_Deen has been uninvited by Fletcher_Joyce.
16.02.2024 21:42,Uninvite,Sidney_Rondo has been uninvited by James_Coleman.
15.02.2024 19:28,Uninvite,Joe_Garton has been uninvited by Philip_Reagan.
13.02.2024 20:02,Uninvite,Joey_Salerno has been uninvited by Shigeo_Jiang.
13.02.2024 13:57,Uninvite,Richard_Carter has been uninvited by Philip_Reagan.
12.02.2024 17:32,Uninvite,Annie_Gein has been uninvited by Kouji_Jiang.
09.02.2024 14:12,Uninvite,Zaca_Hercules has been uninvited by Fletcher_Joyce.
08.02.2024 17:37,Uninvite,Parker_Daugherty has been uninvited by Roberto_Scagliotto.
05.02.2024 13:05,Uninvite,Masha_Daugherty has been uninvited by Francis_Whittaker.
04.02.2024 14:32,Uninvite,Kumi_Snow has been uninvited by Joey_Reagan.
03.02.2024 15:34,Uninvite,Yassel_LeRat has been uninvited by Galvaro_Griffin.
03.02.2024 12:50,Uninvite,Andy_Cooper has been uninvited by Philip_Reagan.
30.01.2024 23:49,Uninvite,Paul_Garcia has been uninvited by Joey_Reagan.
28.01.2024 20:44,Uninvite,Wyatt_Huxley has been uninvited by Javez_Kemerovo.
28.01.2024 15:23,Uninvite,Seph_Shaw has been uninvited by Max_Falcone.
28.01.2024 01:29,Uninvite,Leonardo_Cervantes has been uninvited by Roberto_Scagliotto.
27.01.2024 20:36,Uninvite,Kaan_Abdulhamadi has been uninvited by Javez_Kemerovo.
27.01.2024 13:36,Uninvite,Leonard_DiMaria has been uninvited by Philip_Reagan.
27.01.2024 13:21,Uninvite,Niko_Dragovich has been uninvited by Philip_Reagan.
27.01.2024 12:59,Uninvite,Leonard_DiMaria has been uninvited by Philip_Reagan.
26.01.2024 23:48,Uninvite,Leonard_DiMaria has been uninvited by Roberto_Scagliotto.
26.01.2024 08:28,Uninvite,Keanu_Griffin has been uninvited by Matthew_Scofield.
26.01.2024 08:27,Uninvite,Enuma_Griffin has been uninvited by Keanu_Griffin.
26.01.2024 04:48,Uninvite,Dave_Barletta has been uninvited by Galvaro_Griffin.
25.01.2024 06:52,Uninvite,Enuma_Griffin has been uninvited by Keanu_Griffin.
24.01.2024 21:21,Uninvite,Leonard_DiMaria has been uninvited by Philip_Reagan.
24.01.2024 10:42,Uninvite,Hayley_Winton has been uninvited by Joey_Reagan.
24.01.2024 02:52,Uninvite,Leonard_DiMaria has been uninvited by Braum_McLaren.
23.01.2024 22:19,Uninvite,Thomas_Gunner has been uninvited by Billy_Leone.
23.01.2024 18:38,Uninvite,Orlando_Sacueza has been uninvited by Galvaro_Griffin.
23.01.2024 13:49,Uninvite,Andy_Cooper has been uninvited by Joey_Reagan.
23.01.2024 13:45,Uninvite,Andy_Cooper has been uninvited by Joey_Reagan.
20.01.2024 12:31,Uninvite,Jesse_Zinging has been uninvited by Miria_Foster.
19.01.2024 11:25,Uninvite,Cris_LeRat has been uninvited by Evaline_Foster.
18.01.2024 18:39,Uninvite,Dave_Barletta has been uninvited by Philip_Reagan.
18.01.2024 14:45,Uninvite,Liam_Morrison has been uninvited by Fletcher_Joyce.
17.01.2024 13:24,Uninvite,Eren_Reagan has been uninvited by Roberto_Scagliotto.
14.01.2024 16:08,Uninvite,William_Bradford has been uninvited by Fletcher_Joyce.
14.01.2024 08:07,Uninvite,Michael_Santorno has been uninvited by Ravenzano_Lazzaro.
12.01.2024 15:18,Uninvite,Gualtiero_Barboza has been uninvited by Archer_Scofield.
12.01.2024 15:18,Uninvite,Frank_Costanzo has been uninvited by Archer_Scofield.
12.01.2024 00:15,Uninvite,Mia_Barboza has been uninvited by Roberto_Scagliotto.
11.01.2024 07:21,Uninvite,Xerth_Acone has been uninvited by Keanu_Auciello.
09.01.2024 00:39,Uninvite,Michael_Verratti has been uninvited by Braum_McLaren.
08.01.2024 16:04,Uninvite,Smith_Winters has been uninvited by Archer_Scofield.
06.01.2024 22:42,Uninvite,Jackson_Berry has been uninvited by Andrey_Severov.
06.01.2024 21:23,Uninvite,Joey_Falzetta has been uninvited by Andrey_Severov.
06.01.2024 16:49,Uninvite,Roger_Scagliotto has been uninvited by Andre_Stiazzi.
06.01.2024 01:38,Uninvite,Xiao_Jiang has been uninvited by Roberto_Scagliotto.
06.01.2024 01:33,Uninvite,Lorenzo_Hernaldez has been uninvited by Roger_Scagliotto.
05.01.2024 17:11,Uninvite,Jacob_Alferdo has been uninvited by Roger_Scagliotto.
02.01.2024 21:20,Uninvite,Jacob_Blackmore has been uninvited by Philip_Reagan.
02.01.2024 15:38,Uninvite,Skepta_Ezenade has been uninvited by Ravenzano_Lazzaro.
31.12.2023 17:05,Uninvite,Vincent_Coke has been uninvited by Philip_Reagan.
31.12.2023 10:58,Uninvite,Amanda_Jansen has been uninvited by Andre_Stiazzi.
28.12.2023 15:14,Uninvite,Malcolm_Jackal has been uninvited by Philip_Reagan.
25.12.2023 20:43,Uninvite,Nico_Falcone has been uninvited by Andrey_Severov.
25.12.2023 16:27,Uninvite,Vincent_Coke has been uninvited by Randy_Yaguez.
25.12.2023 12:35,Uninvite,Yang_Shao has been uninvited by Andrey_Severov.
24.12.2023 23:09,Uninvite,Alessandro_Falzetta has been uninvited by Francis_Whittaker.
24.12.2023 21:33,Uninvite,Enzo_Falzetta has been uninvited by Eren_Reagan.